,Smiles,Energy
0,C1=CC2=C3C(=C1)C=CC3=CC=C2,-1580.57483
1,CC(N)=O,-794.96232
2,CC#N,-471.97784
3,CC(=O)C1=CC=CC=C1,-1385.73659
4,C=CC=O,-716.77771
5,C=CC=O,-716.77756
6,C=CC(N)=O,-917.3369
7,C=CC#N,-593.9664
8,CCCCCOC(C)=O,-1640.41649
9,CCC(C)(C)C1=CC=CC=C1,-1567.46241
10,CC12CCCC1C1CCC3CC(=O)C(=O)CC3(C)C1CC2,-3303.63555
11,COC1=CC=CC=C1,-1262.53528
12,C1=CC=C2C=C3C=CC=CC3=CC2=C1,-1853.92809
13,O=C1C2=CC=CC=C2C(=O)C2=C1C=CC=C2,-2417.43786
14,O=CC1=CC=CC=C1,-1235.41113
15,NC(=O)C1=CC=CC=C1,-1435.91674
16,C1=CC=CC=C1,-817.56193
17,C1=CC=C2C(=C1)C=CC1=C2CC2=C1C=CC=C2,-2249.52795
18,C1=CC=C2C(=C1)C=C1C=CC3=CC=CC4=CC=C2C1=C34,-2618.16351
19,C1=CC2=CC=C3C4=C(C=CC=C4)C=C4C=CC(=C1)C2=C43,-2618.16356
20,C1=CC2=CC3=C(C=C2C=C1)C1=C(C=CC=C1)C3,-2249.59974
21,N#CC1=CC=CC=C1,-1112.56551
22,O=C(C1=CC=CC=C1)C1=CC=CC=C1,-2026.27333
23,CCCCOC(=O)C1=CC=CC=C1C(=O)OCC1=CC=CC=C1,-3785.01064
24,CCC(=O)OCC(=O)C1(OC(=O)CC)C(C)CC2C3CCC4=CC(=O)C=CC4(C)C3(F)C(O)CC21C,-6472.63101
25,C1=CC=C(CCC2=CC=CC=C2)C=C1,-1908.31022
26,C1=CC=C(C2=CC=CC=C2)C=C1,-1608.3846
27,CC(C)CBr,-835.8053
28,ClCCCBr,-939.34624
29,CC(C)CCBr,-985.80668
30,O=CC1=CC=C(O)C(Br)=C1,-1739.7696
31,BrC1=CC=CC=C1,-1026.53096
32,CCCCBr,-835.83661
33,ClC1=CC=CC=C1Br,-1280.01825
34,ClC1=CC=CC(Br)=C1,-1280.05875
35,ClCBr,-639.06047
36,ClC(Cl)Br,-892.25085
37,CCBr,-535.91194
38,CCCBr,-685.8646
39,CC(C)Br,-685.98025
40,CC1=CC=CC(Br)=C1,-1176.69873
41,CCCC,-626.90085
42,CCCCO,-922.11602
43,CCC(C)O,-922.17923
44,CCCCOCCO,-1516.83197
45,CCCCOC(C)=O,-1490.43528
46,CCCCC1=CC=CC=C1,-1417.56695
47,CC(C)(C)C1=CC=CC=C1,-1417.54262
48,CCC(C)C1=CC=CC=C1,-1417.5561
49,CCCC=O,-894.68174
50,CC12CCC(CC1=O)C2(C)C,-1740.15801
51,CCCCCC=O,-1194.63635
52,CCCCCCCC=O,-1494.45414
53,ClC(Cl)(Cl)Cl,-1190.01634
54,ClCCBr,-789.2923
55,CCC(C)(C)Cl,-1030.73633
56,CC(C)CCl,-880.43929
57,C1=CC(=CC=C1[N+](=O)[O-])Cl,-1831.51991
58,COC1=CC=CC=C1Cl,-1516.01469
59,COC1=CC=CC(Cl)=C1,-1516.10874
60,COC1=CC=C(Cl)C=C1,-1516.09218
61,ClC1=CC=CC=C1,-1071.14038
62,ClC1=CC=CC=C1C1=CC=CC=C1,-1861.99042
63,ClC1=CC(C2=CC=CC=C2)=CC=C1,-1861.95261
64,ClC1=CC=C(C2=CC=CC=C2)C=C1,-1861.95715
65,CCCCCl,-880.40087
66,CCC(C)Cl,-880.60535
67,ClC1=CC=C2OC3=CC=CC=C3OC2=C1,-2424.8293
68,ClC(Br)Br,-847.79119
69,ClC1=CC=CC=C1OC1=CC=CC=C1,-2156.7326
70,CCCCCCCl,-1180.29285
71,CCCCCCl,-1030.36409
72,CCCC(C)Cl,-1030.5559
73,CCC(Cl)CC,-1030.5492
74,CCCCl,-730.36396
75,CC(C)Cl,-730.62208
76,C=CCCl,-702.50732
77,CC1=CC=CC(Cl)=C1,-1221.31197
78,CC1=CC=CC=C1Cl,-1221.33094
79,CC1=CC=C(Cl)C=C1,-1221.29993
80,CC(C)CCCC(C)C1CCC2C3CC=C4CC(O)CCC4(C)C3CCC12C,-4234.59647
81,C1=CC=C2C(=C1)C=CC1=C3C=CC=CC3=CC=C21,-2372.39822
82,CC12CCC(=O)C=C1CCC1C2C(O)CC2(C)C(C(=O)CO)CCC12,-4166.30625
83,CC12CCC(=O)C=C1CCC1C2C(=O)CC2(C)C1CCC2(O)C(=O)CO,-4434.82764
84,O=C1C=CC2=C(C=CC=C2)O1,-1776.42243
85,C1=CCC=CC1,-844.3425
86,C1CCCCC1,-899.70672
87,OC1CCCCC1,-1195.0052
88,O=C1CCCCC1,-1167.84318
89,C1=CCCCC1,-871.88489
90,C1CCCC1,-749.6428
91,C1=CCCC1,-721.88922
92,ClC1=C(Cl)C(Cl)=C(C2=C(Cl)C(Cl)=C(Cl)C(Cl)=C2Cl)C(Cl)=C1Cl,-4143.01414
93,ClC1=C(Cl)C(Cl)=C(OC2=C(Cl)C(Cl)=C(Cl)C(Cl)=C2Cl)C(Cl)=C1Cl,-4437.60618
94,CCCCC(CC)COC(=O)C1=CC=CC=C1C(=O)OCC(CC)CCCC,-4643.64515
95,C1=CC=C2C(=C1)OC1=CC=CC=C12,-1876.22123
96,C1=CC=C2OC3=CC=CC=C3OC2=C1,-2171.30668
97,C1=CC=C2C(=C1)SC1=CC=CC=C12,-1758.52746
98,BrC1=CC=CC=C1Br,-1235.4274
99,BrC1=CC=CC(Br)=C1,-1235.45136
100,BrC1=CC=C(Br)C=C1,-1235.45638
101,BrC1=CC=C(C2=CC=C(Br)C=C2)C=C1,-2026.30412
102,BrCCBr,-744.76648
103,BrC=CBr,-716.83206
104,BrCBr,-594.64592
105,BrCCCBr,-894.73419
106,CC(Br)CBr,-894.82756
107,CCCCOCCCC,-1521.57292
108,CCCCC(=O)CCCC,-1644.87093
109,CC(Cl)C(C)(C)Cl,-1284.28703
110,OC(CCl)CCl,-1279.19486
111,COC1=CC=CC(Cl)=C1Cl,-1769.48897
112,COC1=C(Cl)C=CC=C1Cl,-1769.4706
113,ClC1=CC=CC=C1Cl,-1324.60122
114,ClC1=CC=CC(Cl)=C1,-1324.66299
115,ClC1=CC=C(Cl)C=C1,-1324.6673
116,ClC1=CC=C(C2=CC=CC=C2)C(Cl)=C1,-2115.51349
117,ClC1=CC=C(C2=CC=C(Cl)C=C2)C=C1,-2115.52039
118,ClC1=CC=CC=C1C1=CC=CC=C1Cl,-2115.60823
119,ClC1=CC=C(Cl)C(C2=CC=CC=C2)=C1,-2115.51376
120,ClC1=CC=C(C2=C(Cl)C=CC=C2)C=C1,-2115.55719
121,ClC1=CC=CC(C2=CC(Cl)=CC=C2)=C1,-2115.50708
122,ClC1=CC=C(C2=CC=CC=C2)C=C1Cl,-2115.41037
123,ClC1=CC=CC(Cl)=C1C1=CC=CC=C1,-2115.55523
124,CCCC(Cl)Cl,-1133.82919
125,CC(Cl)C(C)Cl,-1134.14842
126,ClC1=CC=C2OC3=CC=C(Cl)C=C3C2=C1,-2383.28525
127,ClC1=CC=C2OC3=CC(Cl)=CC=C3OC2=C1,-2678.3422
128,ClC1=CC=C2OC3=CC=C(Cl)C=C3OC2=C1,-2678.34046
129,FC(F)(Cl)Cl,-1588.33355
130,ClC1=CC=CC(Cl)=C1OC1=CC=CC=C1,-2410.27713
131,ClC1=CC=C(OC2=C(Cl)C=CC=C2)C=C1,-2410.39735
132,CC(Cl)Cl,-833.87605
133,ClCCCl,-833.79798
134,C=C(Cl)Cl,-805.84297
135,ClC=CCl,-805.83888
136,ClC(Cl)COCC(Cl)Cl,-1935.26095
137,ClCCl,-683.54391
138,ClCCCCl,-983.86298
139,CC(Cl)CCl,-983.96814
140,COC1=CC(Cl)=C(Cl)C=C1OC,-2214.29863
141,CCOCCOCC,-1516.52321
142,CCOC(C)OCC,-1516.87251
143,CCC1=CC=C(CC)C=C1,-1417.7485
144,CCOCC,-921.70248
145,CCOC(=O)C1=CC=CC=C1C(=O)OCC,-2844.41849
146,IC1=CC=C(I)C=C1,-1237.33116
147,IC=CI,-718.71892
148,CC(C)COC(=O)C1=CC=CC=C1C(=O)OCC(C)C,-3444.29407
149,CC(C)OC(C)C,-1221.88437
150,CC(C)C(=O)C(C)C,-1344.92687
151,COC1=CC=C(OC)C(C=O)=C1,-2125.11513
152,COCOC,-1066.49835
153,CCC(C)(C)CO,-1221.94836
154,CC(C)(C)CCO,-1221.97624
155,CCCC(C)(C)CO,-1371.84941
156,CC(C)CC(C)CO,-1371.94474
157,CC(C)(C)CCCO,-1372.03399
158,CCCC(C)(C)CO,-1372.00453
159,CC(O)C(C)(C)C,-1222.23299
160,CC(C)C(C)(C)O,-1222.27251
161,CC(C)CC(C)(C)O,-1372.25119
162,CCC(C)C(C)(C)O,-1372.21584
163,CCC(O)C(C)(C)C,-1372.06668
164,CC(C)C(O)C(C)C,-1372.14047
165,CCC(C)(O)C(C)C,-1372.17869
166,CC(=O)N(C)C,-1094.80133
167,CC1=CC=CC=C1C,-1117.83873
168,CC1=CC=CC(C)=C1,-1117.88325
169,CC1=CC=C(C)C=C1,-1117.87046
170,CCC(C)(C)C,-926.8551
171,CC(C)C(C)CO,-1221.96101
172,CC1CCCCC1C,-1199.62245
173,CC1=C2C=CC=CC2=C(C)C=C1,-1636.03927
174,CC(C)CC(C)C,-1076.69965
175,COC(=O)C1=CC=CC=C1C(=O)OC,-2544.27229
176,COC(=O)C1=CC=C(C(=O)OC)C=C1,-2544.42624
177,C=CC=C(C)C=CC=CC,-1415.96413
178,C1=CC=C(OC2=CC=CC=C2)C=C1,-1903.27048
179,C1=CC=C(CC2=CC=CC=C2)C=C1,-1758.3446
180,CCCOCCC,-1221.67902
181,CCCCCCC=O,-1344.58069
182,ClCC1CO1,-997.03064
183,CCOC1=CC=C(C=O)C=C1OC,-2275.20526
184,CCOC1=CC(C=O)=CC=C1O,-2125.63202
185,CCC(CC)CO,-1221.95987
186,CCCCC(CC)CO,-1521.88083
187,CCC1=CC=CC=C1C,-1267.76036
188,CCC(C)(C)O,-1072.33621
189,CCC(O)(CC)CC,-1372.09084
190,CCC1=CC=C(C)C=C1,-1267.80902
191,CCOC(C)=O,-1190.58569
192,C=CC(=O)OCC,-1312.50538
193,CCOC(=O)C1=CC=CC=C1,-1831.11371
194,CCCC(=O)OCC,-1490.49591
195,CCCCCCCC(=O)OCC,-2090.256
196,ClCCCl,-833.78959
197,OCCO,-917.33562
198,CCOC=O,-1040.28453
199,CCCCCCC(=O)OCC,-1940.24208
200,CCOC(C)C,-1071.857
201,CCCCCCCCC(=O)OCC,-2240.21444
202,CCOC(=O)CC,-1340.52457
203,CCCOCC,-1071.71582
204,CCCCC(=O)OCC,-1640.43428
205,C=COCC,-894.07796
206,C1=CC=C2C(=C1)C1=CC=CC3=CC=CC2=C31,-2099.24445
207,C1=CC2=C(C=C1)C1=C(C=CC=C1)C2,-1731.31943
208,FC1=CC=C(I)C=C1,-1479.66353
209,FC1=CC=CC=C1,-1269.80365
210,C1=COC=C1,-839.47204
211,O=CC1=CC=CO1,-1257.20634
212,ClC1=CC(Cl)=C(Cl)C=C1C1=C(Cl)C=C(Cl)C(Cl)=C1Cl,-3382.9025
213,ClC1=CC=C(C2=C(Cl)C=C(Cl)C(Cl)=C2Cl)C(Cl)=C1Cl,-3382.85611
214,ClC1=CC(Cl)=C(Cl)C=C1C1=C(Cl)C(Cl)=CC(Cl)=C1Cl,-3382.89772
215,ClC1=C(Cl)C(Cl)=C2OC3=C(Cl)C(Cl)=C(Cl)C(Cl)=C3C2=C1,-3650.22367
216,ClC1=C(Cl)C(Cl)=C2OC3=C(Cl)C(Cl)=C(Cl)C(Cl)=C3OC2=C1,-3945.14198
217,ClC1=CC=C(OC2=C(Cl)C(Cl)=C(Cl)C(Cl)=C2Cl)C=C1Cl,-3677.39909
218,ClC1=CC=C(OC2=CC(Cl)=C(Cl)C(Cl)=C2Cl)C(Cl)=C1Cl,-3677.56665
219,ClC1=CC(Cl)=C(Cl)C=C1OC1=CC(Cl)=C(Cl)C(Cl)=C1Cl,-3677.27612
220,ClC1=CC=C(OC2=C(Cl)C(Cl)=CC(Cl)=C2Cl)C(Cl)=C1Cl,-3677.57153
221,ClC1=CC(Cl)=C(Cl)C=C1OC1=C(Cl)C(Cl)=CC(Cl)=C1Cl,-3677.61486
222,CCCCCCC,-1076.72908
223,CCCCCCCO,-1371.98244
224,CCCCCC(C)O,-1372.17141
225,CCCCC(O)CC,-1372.08371
226,CCCC(O)CCC,-1372.12265
227,CC=CCCCC,-1049.02348
228,C#CCCCCC,-1020.96281
229,ClC(Cl)=C(Cl)C(Cl)=C(Cl)Cl,-2091.42158
230,ClC1=C(Cl)C(Cl)=C(Cl)C(Cl)=C1Cl,-2338.15442
231,ClC1=CC(Cl)=C(Cl)C(C2=CC(Cl)=CC(Cl)=C2Cl)=C1,-3129.43771
232,ClC1=C(Cl)C(C2=C(Cl)C=CC(Cl)=C2Cl)=C(Cl)C=C1,-3129.5724
233,ClC1=CC(C2=C(Cl)C(Cl)=CC(Cl)=C2)=C(Cl)C(Cl)=C1,-3129.44823
234,ClC1=CC(Cl)=C(C2=C(Cl)C=C(Cl)C=C2Cl)C(Cl)=C1,-3129.68475
235,ClC1=CC=C(C2=CC=C(Cl)C(Cl)=C2Cl)C(Cl)=C1Cl,-3129.35981
236,ClC1=C(Cl)C(C2=CC(Cl)=C(Cl)C(Cl)=C2Cl)=CC=C1,-3129.32188
237,ClC1=CC=C(C2=CC(Cl)=C(Cl)C(Cl)=C2Cl)C(Cl)=C1,-3129.38531
238,ClC1=CC=C(Cl)C(C2=CC(Cl)=C(Cl)C(Cl)=C2Cl)=C1,-3129.38998
239,ClC1=CC=C(Cl)C(C2=C(Cl)C(Cl)=CC(Cl)=C2Cl)=C1,-3129.48691
240,ClC1=CC=C(C2=CC(Cl)=C(Cl)C(Cl)=C2Cl)C=C1Cl,-3129.27302
241,ClC1=CC=C(C2=C(Cl)C=C(Cl)C(Cl)=C2Cl)C=C1Cl,-3129.36973
242,ClC1=CC(Cl)=C(Cl)C(C2=CC=CC(Cl)=C2Cl)=C1Cl,-3129.42839
243,ClC1=C(Cl)C(Cl)=C2OC3=CC(Cl)=C(Cl)C(Cl)=C3C2=C1,-3396.91136
244,ClC1=C(Cl)C=C2C(=C1)OC1=C(Cl)C(Cl)=C(Cl)C(Cl)=C21,-3396.89763
245,ClC1=C(Cl)C=C2OC3=C(Cl)C(Cl)=C(Cl)C(Cl)=C3OC2=C1,-3691.81784
246,ClC1=CC=C(OC2=CC=C(Cl)C(Cl)=C2Cl)C(Cl)=C1Cl,-3424.17556
247,ClC1=CC(Cl)=C(OC2=CC=C(Cl)C(Cl)=C2Cl)C(Cl)=C1,-3424.21446
248,ClC1=CC(Cl)=C(Cl)C=C1OC1=CC=C(Cl)C(Cl)=C1Cl,-3424.21967
249,ClC1=CC(Cl)=C(Cl)C=C1OC1=CC(Cl)=C(Cl)C=C1Cl,-3424.25835
250,ClC1=CC(Cl)=C(OC2=CC(Cl)=C(Cl)C=C2Cl)C(Cl)=C1,-3424.25481
251,ClC1=CC(Cl)=C(Cl)C=C1OC1=CC(Cl)=C(Cl)C(Cl)=C1,-3424.15325
252,ClC1=CC(Cl)=C(OC2=C(Cl)C(Cl)=C(Cl)C=C2)C=C1Cl,-3424.10759
253,ClC1=CC=C(OC2=CC(Cl)=C(Cl)C(Cl)=C2Cl)C=C1Cl,-3424.09028
254,ClC1=CC=C(OC2=C(Cl)C(Cl)=C(Cl)C(Cl)=C2Cl)C=C1,-3423.96114
255,ClC(Cl)(Cl)C(Cl)(Cl)Cl,-1846.88409
256,C=CCCC=C,-871.10843
257,CCCCCC,-926.80344
258,CCCCCCO,-1221.92486
259,CCCCC(C)O,-1222.14123
260,CCCC(O)CC,-1222.20859
261,C=CCCCC,-898.91957
262,CCCCCCOC(C)=O,-1790.32823
263,CCCCCCC1=CC=CC=C1,-1717.4721
264,C#CCCCC,-870.97706
265,CC12CCC(=O)C=C1CCC1C2C(O)CC2(C)C1CCC2(O)C(=O)CO,-4461.87867
266,O=CC1=CC=C(O)C=C1,-1530.742
267,CC(=O)C1CCC2C3CCC4=CC(=O)CC(O)C4(C)C3CCC12C,-3871.68832
268,C1=CC2=C(C=C1)CCC2,-1240.56225
269,IC1=CC=CC=C1,-1027.4696
270,CCCCI,-836.76564
271,CCI,-536.87286
272,CI,-386.88247
273,CCCI,-686.83739
274,CC(C)I,-686.88861
275,CC(=O)OCC(C)C,-1490.52789
276,CC(C)COC=O,-1340.16848
277,CC(C)CCO,-1072.09453
278,CC(=O)OC(C)C,-1340.62628
279,CC1=CC=C(C(C)C)C=C1,-1417.70901
280,CCOC(=O)CC(SP(=S)(OC)OC)C(=O)OCC,-3788.81231
281,CCOC(=O)CC(=O)OCC,-2203.91999
282,CC1CCC(C(C)C)C(O)C1,-1794.5762
283,CCCC(C)(COC(N)=O)COC(N)=O,-2903.75977
284,C,-177.0432
285,COC1=CC=C(C=O)C=C1,-1680.43552
286,COC1=CC=CC=C1,-1262.53549
287,COC1=CC=C(C(C2=CC=C(OC)C=C2)C(Cl)(Cl)Cl)C=C1,-3558.50402
288,C=CC(=C)C,-721.30472
289,CCC(C)CO,-1071.95694
290,CCCC(C)CO,-1221.93197
291,CC(C)CCCO,-1221.92241
292,C=CCC(C)C,-898.94789
293,CC(C)C(C)O,-1072.1445
294,CCCCC(C)C(C)O,-1522.04169
295,CCCCCC(C)(C)O,-1522.15797
296,CC(C)CCC(C)O,-1372.17674
297,CCCCC(C)(C)O,-1372.23671
298,CC(C)CC(C)O,-1222.18318
299,CCCC(C)(C)O,-1222.29176
300,CCC(C)C(C)O,-1222.09573
301,CCCCC(C)(O)CC,-1522.10582
302,CCCC(C)(O)CC,-1372.13892
303,CCC(O)C(C)C,-1222.07887
304,CCC(C)(O)CC,-1222.22769
305,COC(C)=O,-1040.48458
306,C=CC(=O)OC,-1162.38418
307,CC1=C2C=CC=CC2=CC2=CC=CC=C21,-2003.96052
308,COC(=O)C1=CC=CC=C1,-1681.01633
309,CBr,-385.8737
310,CCCOC,-921.62768
311,CCCCC(C)=O,-1195.03823
312,CCCC(=O)OC,-1340.39561
313,CCCCCCCC(=O)OC,-1940.18158
314,CCl,-430.30396
315,CC1=CC=C2C=C3C4=CC=CC=C4C=CC3=C3CCC1=C23,-2795.2785
316,CC1CCCCC1,-1049.5545
317,CC1=CCCCC1,-1022.17272
318,CC1CCCC1,-899.64809
319,CCC(C)=O,-895.1032
320,CC1=CC=CC2=C1CC1=C2C=CC=C1,-1881.45289
321,COC=O,-890.17303
322,CCCCCCCC(C)=O,-1644.85595
323,CCCCCCC(C)=O,-1494.91844
324,CI,-386.88246
325,CC(=O)CC(C)C,-1195.06093
326,COC(C)C,-921.78503
327,CN=C=S,-648.45296
328,C=C(C)C(=O)OC,-1312.55067
329,CC1=C2C=CC=CC2=CC=C1,-1485.94094
330,CC1=CC=C2C=CC=CC2=C1,-1485.97372
331,CCCC(C)C,-926.80554
332,CCC(C)CC,-926.80766
333,CCCCCC(C)=O,-1344.97182
334,CC1CC2C(C(O)CC3(C)C2CCC3(O)C(=O)CO)C2(C)C=CC(=O)C=C12,-4584.11418
335,CC(C)CO,-922.13784
336,CCC(=O)OC,-1190.42161
337,CCCOC,-921.69132
338,CCCC(C)=O,-1045.0848
339,COC(C)(C)C,-1071.87944
340,CC12CCC(=O)C=C1CCC1C2CCC2(C)C1CCC2(C)O,-3453.42497
341,CC1CCCO1,-1044.77956
342,CCCCC(=O)OC,-1490.32132
343,CCCCCCCCCCCCCCO,-2421.55874
344,C1=CC=C2C=C3C=C4C=CC=CC4=CC3=CC2=C1,-2372.09747
345,C1=CC=C2C=CC=CC2=C1,-1335.82337
346,COC1=CC=CC=C1[N+](=O)[O-],-2022.85096
347,COC1=CC=C(C=C1)[N+](=O)[O-],-2023.06155
348,C1=CC=C(C=C1)[N+](=O)[O-],-1578.01277
349,CC[N+](=O)[O-],-1087.42832
350,C[N+](=O)[O-],-937.43933
351,CCC[N+](=O)[O-],-1237.39362
352,CCC(C)[N+](=O)[O-],-1387.36495
353,CC1=CC(=CC=C1)[N+](=O)[O-],-1728.17912
354,CC1=CC=CC=C1[N+](=O)[O-],-1728.14568
355,ClC1=C(Cl)C(Cl)=C(Cl)C(C2=C(Cl)C(Cl)=C(Cl)C(Cl)=C2Cl)=C1,-3889.57235
356,ClC1=CC(Cl)=C(Cl)C(C2=C(Cl)C(Cl)=C(Cl)C(Cl)=C2Cl)=C1Cl,-3889.67992
357,C=CCCCCCCC,-1348.77518
358,C#CCCCCCCC,-1320.81635
359,C#CC1(O)CCC2C3CCC4=CC(=O)CCC4C3CCC21C,-3397.92424
360,ClC1=C(Cl)C(Cl)=C(Cl)C(C2=CC(Cl)=C(Cl)C(Cl)=C2Cl)=C1,-3636.13371
361,ClC1=CC(Cl)=C(Cl)C(C2=C(Cl)C(Cl)=CC(Cl)=C2Cl)=C1Cl,-3636.34641
362,ClC1=C(Cl)C(Cl)=C2C(=C1Cl)OC1=C(Cl)C(Cl)=C(Cl)C(Cl)=C12,-3903.50172
363,ClC1=C(Cl)C(Cl)=C2OC3=C(Cl)C(Cl)=C(Cl)C(Cl)=C3OC2=C1Cl,-4198.45143
364,ClC1=CC(Cl)=C(Cl)C=C1OC1=C(Cl)C(Cl)=C(Cl)C(Cl)=C1Cl,-3930.77045
365,ClC1=C(Cl)C(Cl)=C(Cl)C(OC2=CC(Cl)=C(Cl)C(Cl)=C2Cl)=C1,-3930.83876
366,ClC1=CC(Cl)=C(Cl)C(OC2=CC(Cl)=C(Cl)C(Cl)=C2Cl)=C1Cl,-3930.95643
367,FC1(F)C(F)(F)C(F)(F)C1(F)F,-4216.74307
368,CCCCCCCC,-1226.66251
369,CCCCCCCCO,-1521.90461
370,CCCCCCC(C)O,-1522.10228
371,C=CCCCCCC,-1198.81528
372,C#CCCCCCC,-1170.89998
373,CCCCCCCCC=O,-1644.55797
374,ClC1=CC(Cl)=C(Cl)C(Cl)=C1Cl,-2084.82884
375,ClC1=CC=CC=C1C1=CC(Cl)=C(Cl)C(Cl)=C1Cl,-2875.87984
376,ClC1=CC=C(Cl)C(C2=CC=C(Cl)C(Cl)=C2Cl)=C1,-2875.98564
377,ClC1=C(Cl)C(Cl)=C(C2=CC=CC=C2)C(Cl)=C1Cl,-2875.72577
378,ClC1=CC=CC=C1C1=C(Cl)C=C(Cl)C(Cl)=C1Cl,-2875.99271
379,ClC1=CC(Cl)=C(C2=C(Cl)C=CC=C2Cl)C(Cl)=C1,-2876.21441
380,ClC1=CC=C(C2=CC=CC(Cl)=C2Cl)C(Cl)=C1Cl,-2875.93061
381,ClC1=CC=C(C2=CC(Cl)=C(Cl)C=C2Cl)C=C1Cl,-2875.92531
382,ClC1=C(Cl)C=C2C(=C1)OC1=C(Cl)C(Cl)=C(Cl)C=C21,-3143.47231
383,ClC1=CC=C2OC3=C(Cl)C(Cl)=C(Cl)C(Cl)=C3OC2=C1,-3438.41499
384,ClC1=CC=C(OC2=CC=C(Cl)C(Cl)=C2Cl)C(Cl)=C1,-3170.81159
385,ClC1=CC=C(OC2=CC=C(Cl)C(Cl)=C2Cl)C=C1Cl,-3170.57357
386,ClC(Cl)C(Cl)(Cl)Cl,-1593.64255
387,OCC(CO)(CO)CO,-1957.67051
388,CC1=CC(C)=C(C)C(C)=C1C,-1568.06465
389,CCCCC,-776.83839
390,CC(C)C1(C)CCCC(O)C1,-1794.76854
391,CC(C)C1C(C)CCCC1O,-1794.60823
392,CC1CCCC(O)(C(C)C)C1,-1795.00332
393,C=CCCC,-748.93546
394,CC=CCC,-749.18946
395,CCCCCC1=CC=CC=C1,-1567.53659
396,C#CCCC,-721.05649
397,C1=CC2=CC=CC3=C2C(=C1)C1=CC=CC2=C1C3=CC=C2,-2618.09106
398,CCOC1=CC=C(NC(C)=O)C=C1,-2180.91295
399,C1=CC=C2C(=C1)C=CC1=CC=CC=C12,-1854.14468
400,OCCOC1=CC=CC=C1,-1707.80384
401,CCCCC1C(=O)N(C2=CC=CC=C2)N(C2=CC=CC=C2)C1=O,-3566.01695
402,CC(O)C1=CC=CC=C1,-1412.95952
403,OCC1=CC=CC=C1,-1262.87734
404,NC(=O)C1=CC=CC=C1C(N)=O,-2054.29545
405,N#CC1=CC=CC=C1C#N,-1407.40102
406,CC12C=CC(=O)C=C1CCC1C2C(O)CC2(C)C1CCC2(O)C(=O)CO,-4434.51228
407,CC(=O)C1CCC2C3CCC4=CC(=O)CCC4(C)C3CCC12C,-3576.20065
408,CCC,-476.87757
409,CCC=O,-744.72526
410,CCC#N,-621.92853
411,CCCOC(C)=O,-1340.50408
412,CCCC1=CC=CC=C1,-1267.62803
413,CCCOC(=O)C1=CC=CC=C1,-1981.07894
414,CCCOC(=O)CCC,-1640.41203
415,CC1CO1,-743.66367
416,CCCOC=O,-1190.25031
417,CCCOC(C)C,-1221.76568
418,CCC(N)=O,-945.28931
419,C1=CC2=CC=C3C=CC=C4C=CC(=C1)C2=C43,-2099.94907
420,O=C1C=CC(=O)C=C1,-1380.14284
421,C=CC1=CC=CC=C1,-1089.76825
422,C1=CC=C(C2CO2)C=C1,-1384.32565
423,CC12CCC(=O)C=C1CCC1C2CCC2(C)C(O)CCC12,-3303.69953
424,CC12CCC(=O)C=C1CCC1C2CCC2(C)C(O)CCC12,-3303.66396
425,BrC1=CC=C(Br)C(C2=CC(Br)=CC=C2Br)=C1,-2444.10154
426,BrC(Br)C(Br)Br,-1162.33249
427,BrC(Br)(Br)Br,-1012.13988
428,COC1=CC(Cl)=C(Cl)C(Cl)=C1Cl,-2276.33942
429,COC1=C(Cl)C(Cl)=C(Cl)C=C1Cl,-2276.26969
430,ClC1=CC=C(Cl)C(Cl)=C1Cl,-1831.44512
431,ClC1=CC(Cl)=C(Cl)C(Cl)=C1,-1831.49117
432,ClC1=CC(Cl)=C(Cl)C=C1Cl,-1831.48902
433,CC1=C(Cl)C(CC2=C(Cl)C=CC=C2Cl)=CC=C1Cl,-2922.91302
434,CC1=C(Cl)C(CC2=CC=C(Cl)C=C2Cl)=CC=C1Cl,-2922.79847
435,CC1=C(Cl)C=C(CC2=CC(Cl)=CC=C2Cl)C(Cl)=C1,-2922.92903
436,CC1=C(Cl)C=C(Cl)C(CC2=C(Cl)C=CC=C2Cl)=C1,-2922.92046
437,CC1=C(Cl)C=C(Cl)C(CC2=CC=C(Cl)C=C2Cl)=C1,-2922.90274
438,CC1=C(Cl)C(Cl)=C(Cl)C(CC2=CC=C(Cl)C=C2)=C1,-2922.65175
439,CC1=C(CC2=C(Cl)C=CC=C2)C(Cl)=C(Cl)C(Cl)=C1,-2922.58339
440,CC1=C(CC2=CC=C(Cl)C=C2)C(Cl)=C(Cl)C(Cl)=C1,-2922.53474
441,ClC1=C(Cl)C(Cl)=C(Cl)C(C2=CC=CC=C2)=C1,-2622.29082
442,ClC1=CC=C(C2=CC=C(Cl)C(Cl)=C2)C(Cl)=C1,-2622.51113
443,ClC1=CC=C(Cl)C(C2=CC=CC(Cl)=C2Cl)=C1,-2622.56931
444,ClC1=CC=CC=C1C1=CC(Cl)=C(Cl)C=C1Cl,-2622.54256
445,ClC1=CC=C(Cl)C(C2=CC(Cl)=CC=C2Cl)=C1,-2622.63101
446,ClC1=CC=C(C2=CC=C(Cl)C(Cl)=C2)C=C1Cl,-2622.40817
447,ClC1=CC=C(Cl)C(C2=C(Cl)C=CC=C2Cl)=C1,-2622.67738
448,ClC1=CC=CC(Cl)=C1C1=C(Cl)C=CC=C1Cl,-2622.74145
449,ClC1=CC=C(C2=C(Cl)C=C(Cl)C=C2Cl)C=C1,-2622.59258
450,ClC1=CC(Cl)=CC(C2=CC(Cl)=CC(Cl)=C2)=C1,-2622.51491
451,ClC1=C(Cl)C=C2C(=C1)OC1=CC(Cl)=C(Cl)C=C12,-2890.13561
452,ClC1=C(Cl)C(Cl)=C2OC3=CC=CC=C3OC2=C1Cl,-3184.91961
453,ClC1=CC=C2OC3=C(Cl)C(Cl)=C(Cl)C=C3OC2=C1,-3185.09427
454,ClC1=CC(Cl)=C2OC3=CC(Cl)=CC(Cl)=C3OC2=C1,-3185.13928
455,ClC1=C(Cl)C=C2OC3=CC(Cl)=C(Cl)C=C3OC2=C1,-3185.16509
456,ClC1=CC=C(OC2=CC=C(Cl)C=C2Cl)C(Cl)=C1,-2917.34383
457,ClC1=CC=C(OC2=CC=C(Cl)C(Cl)=C2)C=C1Cl,-2917.11296
458,ClC(Cl)C(Cl)Cl,-1340.37351
459,ClCC(Cl)(Cl)Cl,-1340.42345
460,ClC(Cl)C(Cl)Cl,-1340.3733
461,ClC(Cl)=C(Cl)Cl,-1312.44219
462,ClC(Cl)=C(Cl)Cl,-1312.44229
463,ClC(Cl)(Cl)Cl,-1190.01636
464,COC1=C(Cl)C(Cl)=C(Cl)C(Cl)=C1OC,-2720.9716
465,FC1=CC(F)=C(F)C=C1F,-2626.0752
466,C1CCOC1,-894.6594
467,C1CCOCC1,-1044.58455
468,CC1=CC(C)=C(C)C=C1C,-1418.09317
469,CC1=CC=CC=C1,-967.7223
470,CC1(C)OC2CC3C4CCC5=CC(=O)C=CC5(C)C4(F)C(O)CC3(C)C2(C(=O)CO)O1,-5604.34205
471,BrC1=CC=CC(Br)=C1Br,-1444.29161
472,BrC1=CC=C(Br)C(Br)=C1,-1444.31892
473,BrC1=CC(Br)=CC(Br)=C1,-1444.33435
474,BrC1=CC(Br)=C(C2=CC=CC=C2)C(Br)=C1,-2235.10704
475,BrC(Br)Br,-803.39606
476,OC(O)C(Cl)(Cl)Cl,-1677.8647
477,COC1=CC=C(Cl)C(Cl)=C1Cl,-2022.91075
478,COC1=C(Cl)C=C(Cl)C=C1Cl,-2022.94014
479,ClC1=CC=CC(Cl)=C1Cl,-1578.03628
480,ClC1=CC=C(Cl)C(Cl)=C1,-1578.08957
481,ClC1=CC(Cl)=CC(Cl)=C1,-1578.14085
482,ClC1=CC=C(C2=CC=C(Cl)C(Cl)=C2)C=C1,-2368.96764
483,ClC1=CC=C(Cl)C(C2=CC=CC(Cl)=C2)=C1,-2369.06059
484,ClC1=CC=C(C2=CC=CC(Cl)=C2Cl)C=C1,-2369.01001
485,ClC1=CC(Cl)=C(Cl)C=C1C1=CC=CC=C1,-2368.9357
486,ClC1=C(Cl)C(C2=CC=CC=C2)=C(Cl)C=C1,-2368.9836
487,ClC1=CC(Cl)=C(C2=CC=CC=C2)C(Cl)=C1,-2369.03631
488,ClC1=CC=C(C2=CC=CC=C2Cl)C=C1Cl,-2368.99982
489,ClC1=CC=C(C2=CC=C(Cl)C=C2Cl)C=C1,-2369.07246
490,ClC1=CC(Cl)=C2OC3=CC=CC=C3OC2=C1Cl,-2931.57835
491,ClC1=CC(Cl)=C(Cl)C=C1OC1=CC=CC=C1,-2663.67907
492,ClC1=CC(OC2=CC=CC=C2)=CC(Cl)=C1Cl,-2663.71948
493,CC(Cl)(Cl)Cl,-1087.24545
494,ClCC(Cl)Cl,-1087.09993
495,CC(Cl)(Cl)Cl,-1087.24545
496,ClC=C(Cl)Cl,-1059.16276
497,ClC=C(Cl)Cl,-1059.16297
498,FC(Cl)(Cl)CCl,-1539.46788
499,ClC(Cl)Cl,-936.78386
500,ClCC(Cl)CCl,-1237.29748
501,COC1=CC(Cl)=C(Cl)C(Cl)=C1OC,-2467.66823
502,CC(O)C(F)(F)F,-2129.42201
503,CC(C)(C)C(C)(C)O,-1372.216
504,CCC(C)(O)C(C)(C)C,-1522.01803
505,CC1=CC=CC(C)=C1C,-1267.92734
506,CC1=CC=C(C)C(C)=C1,-1267.98754
507,CC1=CC(C)=CC(C)=C1,-1268.04443
508,CC(C)CC(C)(C)C,-1226.75714
509,C1=CC=C2C(=C1)C1=CC=CC=C1C1=CC=CC=C21,-2372.42404
510,NC(N)=O,-845.31628
511,CCCCC=O,-1044.62424
512,COC1=CC=CC=C1OC,-1707.2648
513,CCCSC(=O)N(CCC)CCC,-2171.40719
514,CC(=O)CC(C1=CC=CC=C1)C1=C(O)C2=CC=CC=C2OC1=O,-3730.40317
515,ClC(Cl)=C=C(Cl)C(Cl)Cl,-1837.97768
516,ClC1=C(Cl)C(Cl)=C(Cl)C(OC2=C(Cl)C(Cl)=C(Cl)C(Cl)=C2Cl)=C1,-4184.27922
517,ClC1=CC=C(Cl)C(C2=CC(Cl)=C(Cl)C=C2Cl)=C1,-2876.04538
518,CC1=C(Cl)C=C(Cl)C(CC2=CC(Cl)=CC=C2Cl)=C1,-2922.91747
519,ClC1=CC=C(Cl)C(C2=CC=CC=C2Cl)=C1,-2369.11325
520,ClC1=CC=C(Cl)C(C2=CC=C(Cl)C(Cl)=C2)=C1,-2622.51029
521,ClC1=CC=C(OC2=CC=C(Cl)C=C2Cl)C=C1,-2663.77274
522,ClC1=CC=C(C2=CC(Cl)=CC=C2Cl)C=C1,-2369.07205
523,CCC1=CC=CC(CC)=C1N(COC)C(=O)CCl,-3033.78454
524,CNC(=O)ON=CC(C)(C)SC,-2187.73501
525,ClC1=C(Cl)C2(Cl)C3C4C=CC(C4)C3C1(Cl)C2(Cl)Cl,-3181.71057
526,COC(=O)C1=C(C=CC(=C1)OC2=C(C=C(C=C2)Cl)Cl)[N+](=O)[O-],-4033.96906
527,CNC(=O)OC1=CC=CC2=CC=CC=C21,-2399.06275
528,CNC(=O)OC1=CC=CC2=C1OC(C)(C)C2,-2748.86188
529,CCOP(=S)(OCC)SCSC1=CC=C(Cl)C=C1,-3133.10649
530,CC1=C(C(=O)NC2=CC=CC=C2)SCCO1,-2603.20088
531,ClC1=C(Cl)C2(Cl)C3C(Cl)C(Cl)CC3C1(Cl)C2(Cl)Cl,-3444.57268
532,ClC1=C(Cl)C2(Cl)C3CC=CC3C1(Cl)C2(Cl)Cl,-2909.91636
533,COC1=CC(Cl)=C(OC)C=C1Cl,-2214.34575
534,C([N+](=O)[O-])(Cl)(Cl)Cl,-1696.9093
535,N#CC1=C(Cl)C(Cl)=C(Cl)C(C#N)=C1Cl,-2421.12576
536,CN(C)C(=O)NC1=CC=C(OC2=CC=C(Cl)C=C2)C=C1,-3274.56479
537,CC(C)OC(=O)NC1=CC(Cl)=CC=C1,-2434.7798
538,CC=CC=O,-866.98284
539,ClC1=CC=C(C(C2=CC=C(Cl)C=C2)C(Cl)Cl)C=C1,-2922.24541
540,ClC1=CC=C(C(C2=CC=C(Cl)C=C2)=C(Cl)Cl)C=C1,-2894.65459
541,ClC1=CC=C(C(C2=CC=C(Cl)C=C2)C(Cl)(Cl)Cl)C=C1,-3175.65334
542,CC12CCC(=O)C=C1CCC1C2CCC2(C)C(C(=O)CO)CCC12,-3871.34523
543,CC1CC2C3CCC4=CC(=O)C=CC4(C)C3(F)C(O)CC2(C)C1(O)C(=O)CO,-5035.84582
544,CCOP(=S)(OCC)SC(CCl)N1C(=O)C2=CC=CC=C2C1=O,-4115.39451
545,CC(C)N(C(=O)SCC(Cl)=CCl)C(C)C,-2650.55353
546,ClCC(Br)CBr,-1148.16216
547,CCCCC1=C(CCCC)C(C(O)=O)=C(C(O)=O)C=C1,-3445.11141
548,COC1=C(Cl)C=CC(Cl)=C1C(=O)O,-2483.29436
549,COC(=O)C(C)OC1=CC=C(OC2=C(Cl)C=C(Cl)C=C2)C=C1,-3868.52832
550,ClC1=C(Cl)C2(Cl)C3C4CC(C5OC45)C3C1(Cl)C2(Cl)Cl,-3476.3135
551,CC1OC(OC2C(O)CC(OC3C(O)CC(OC4CCC5(C)C(CCC6C5CCC5(C)C(C7=CC(=O)OC7)CCC65O)C4)OC3C)OC2C)CC(O)C1O,-9740.88139
552,CC1OC(OC2C(O)CC(OC3C(O)CC(OC4CCC5(C)C(CCC6C5CC(O)C5(C)C(C7=CC(=O)OC7)CCC65O)C4)OC3C)OC2C)CC(O)C1O,-10036.92163
553,CNC(=O)CSP(=S)(OC)OC,-2380.01858
554,COCCOCCOC,-1811.05268
555,O=S1OCC2C(CO1)C1(Cl)C(Cl)=C(Cl)C2(Cl)C1(Cl)Cl,-3849.42526
556,O=S1OCC2C(CO1)C1(Cl)C(Cl)=C(Cl)C2(Cl)C1(Cl)Cl,-3849.89359
557,ClC1=C(Cl)C2(Cl)C3C4CC(C5OC45)C3C1(Cl)C2(Cl)Cl,-3475.92216
558,CCCN(CCC)C(=O)SCC,-2021.27457
559,CC,-326.966
560,CC12CCC(CC1)C(C)(C)O2,-1767.7082
561,CC1=C(C(=O)NC2=CC=CC=C2)C=CO1,-2398.68692
562,C1=CC(=CC=C1[N+](=O)[O-])OC2=C(C=C(C=C2)C(F)(F)F)[N+](=O)[O-],-4931.07785
563,FC(F)(F)C(Cl)Br,-2146.16013
564,ClC1=C(Cl)C2(Cl)C3C(Cl)C=CC3C1(Cl)C2(Cl)Cl,-3163.36553
565,COP(=S)(OC1=CC(Cl)=C(Br)C=C1Cl)C1=CC=CC=C1,-3432.65994
566,ClC1C(Cl)C(Cl)C(Cl)C(Cl)C1Cl,-2420.77889
567,C1=CC(=CC=C1[N+](=O)[O-])OC2=C(C=C(C=C2)Cl)Cl,-3170.63594
568,CCOP(=S)(OCC)OC1=CC=C(C=C1)[N+](=O)[O-],-3432.49062
569,CCCCN(CC)C(=O)SCCC,-2171.37651
570,CC1(C)C(C=C(Cl)Cl)C1C(=O)OCC1=CC(OC2=CC=CC=C2)=CC=C1,-4267.76637
571,CCC1=CC=C(C(C2=CC=C(CC)C=C2)C(Cl)Cl)C=C1,-3015.33378
572,COC(=O)NC1=CC(OC(=O)NC2=CC=CC(C)=C2)=CC=C1,-3735.36561
573,CC12CCC3C(CC=C4CC(O)CCC43C)C1CCC2=O,-3303.83859
574,CCC(=O)NC1=CC(Cl)=C(Cl)C=C1,-2242.88673
575,C1(=C(C(=C(C(=C1Cl)Cl)Cl)Cl)Cl)[N+](=O)[O-],-2844.89461
576,ClC1=C(Cl)C=C2OC3=CC(Cl)=C(Cl)C=C3OC2=C1,-3185.16497
577,CC(C)N(C(=O)SCC(Cl)=C(Cl)Cl)C(C)C,-2903.82988
